rainfall_mm,river_level,temp,wind_speed,flood_occurred
120.0,6.5,28.0,20.0,1
85.0,5.8,30.0,15.0,1
30.0,3.2,32.0,12.0,0
95.0,6.1,29.0,18.0,1
60.0,4.0,31.0,14.0,0
150.0,7.0,27.0,25.0,1
45.0,3.8,33.0,10.0,0
70.0,4.5,30.0,16.0,0
110.0,6.7,26.0,22.0,1
35.0,3.0,34.0,11.0,0
59.57495078127251,3.460089086515171,31.827126694302187,13.591738670622487,0
30.808265271753264,3.0898317108754125,31.545555312435845,11.21770304069292,0
35.158888613277085,3.597458030580427,33.566991173299684,11.47324956156204,0
110.39150374048245,7.315910415526197,26.113133228490383,21.963869357558245,1
44.40103400558049,4.208853572462502,33.614991920913496,10.251601082332565,0
150.67595730152487,7.394284527686056,27.06274119186405,24.751503188553727,1
150.34590274550513,7.222487401744177,26.23571617375485,25.070546272270988,1
84.73558275421317,6.300886715652977,29.915086242696695,15.281718946885643,1
119.61452412144398,6.170766102733386,28.175940829877376,19.79294957456807,1
30.717970511589296,3.3263630509546025,32.282416762392074,11.961483288408639,0
85.50184023137624,6.949428850518438,28.86407220170387,14.885957884560845,1
94.38127512103888,6.2635334337118,28.920198439324043,18.548855160997764,1
150.06720624098824,6.996315015137376,26.541520311303653,25.768595285914532,1
84.81966372804465,5.54330209309532,30.45777629574425,14.625590460279073,1
35.669509553184575,2.666795229281185,33.47887541779878,10.92892660641862,0
83.86897422803142,5.679975609229851,29.806811071303898,14.675960295700559,1
119.31640182094804,6.487145125588177,28.602016963275357,20.822644540150204,1
33.9386158296888,3.4739754046306253,34.542423716633664,11.638615215345716,0
150.09821036250773,7.467638548328303,27.525944985548435,25.284277488030927,1
94.9704042456653,6.263207989724209,28.79302826607104,17.661454720666388,1
95.68646691029151,6.303708267776855,29.081020752191357,17.544742952504816,1
120.6350401497429,6.111093419892401,27.778529673228544,19.95850743820209,1
120.2052323171481,6.154310500012549,28.30315252637172,20.342004331464068,1
31.26355305164937,3.4274783891146527,31.514102634427633,12.50594413247705,0
149.7572985198744,6.923322928752085,27.14473961100572,25.37006196292977,1
120.21643026492067,6.730011513451402,28.402106843229884,20.85828525006373,1
59.68359492097027,3.3697391901008307,31.156489153962468,13.775582607677944,0
119.70594598862493,6.160940395016477,27.080789838036782,20.061311857337472,1
149.74557048367544,7.309328879825467,27.389410900861012,25.14706627764386,1
35.10575800554013,2.4021719833777335,34.02566936196475,10.51265218593694,0
84.9121972502828,6.04101169224702,29.55154606418969,13.929649205281379,1
95.05796597232472,5.573348010043254,28.943768886999177,18.097668609644032,1
29.608060267099948,2.7357304521709804,32.109186754914425,11.495265329701809,0
150.30753663328588,7.012649367903145,26.760641924260618,25.09519598267971,1
95.62213850400572,6.665004545588257,29.030732420938673,18.035585370081744,1
45.333753222649,3.4313682566810333,32.335441918233364,9.729805257107852,0
84.48890589929935,5.863499501443,30.017680860430744,14.427873066787143,1
44.103264316828245,4.03126063406783,31.813591270032408,10.201007221454429,0
85.42463943541236,6.715593518239447,29.543256870110675,15.390978896000046,1
85.16356218266547,6.2265322637014435,29.629675769643654,14.269799470843585,1
30.054573150152397,3.9859967980139346,31.82653522602328,12.963423838148682,0
45.28927204036371,3.6316072381239546,31.557330099291907,10.051084832482848,0
95.38811424166617,7.0561345184465765,28.391195613227058,18.005146116827305,1
30.786678728725807,2.3065971746136777,32.11718476474628,12.248920160775546,0
93.78102821742532,6.586562903058101,28.94028290862916,17.436851515116444,1
35.44757454264031,3.438513275838968,33.81910519435868,12.172267932884614,0
120.51368811926861,6.603751850155889,28.03816227732371,20.146111228971783,1
60.53761856171281,4.262156918230618,31.795791978495508,14.176593304336889,0
34.57433599127393,2.649139436020732,33.46911328974164,9.537039267808531,0
119.8842179190882,6.377851124970045,28.71963975988159,20.09001954034873,1
70.98124980352841,4.532274383101944,30.401724182577322,17.139637217371522,0
34.11105003942908,2.9613199059125987,33.95974744149375,10.304229302257589,0
84.74966849979157,5.547892322726516,29.41662416913335,14.660531466011383,1
34.602844140776824,3.2886214453908535,34.33247133677015,10.945181922056111,0
110.68329125639407,6.544110989323255,26.06301104172056,22.619899615192853,1
85.33562043103704,5.372094148320513,29.256163416840693,14.352132650333512,1
85.48016785729654,6.127814465287495,30.703941842981248,15.102723217191386,1
69.51245068413654,4.610314623000556,29.987056392042735,16.04738142550346,0
84.33860677929799,5.49785469262311,30.179997638350244,14.651980960227151,1
109.2931823960088,6.297825107768985,26.930921628072213,21.950003720611413,1
45.33645393761674,3.845240871308319,32.005700734369384,10.327279195054324,0
95.07929102372393,6.099448568108627,28.84624217684511,16.29345457367906,1
69.67283917121082,3.6739088907367305,30.128799129689277,15.72682425770513,0
84.91959995788629,6.0095578018580404,29.907824510746575,15.791923030809128,1
94.64551547228727,6.163613552175198,29.152861792244504,17.874031971692535,1
69.73977109947973,4.352503921476695,29.741819653393883,16.70709602594634,0
60.55665172908351,4.434361369993255,30.481795117999994,13.521185262685943,0
69.14658375916926,4.444148801233995,30.55391234689157,15.600856482312993,0
149.09274055542897,6.444143567135403,26.733155110341144,25.457957330045677,1
149.9060649819333,7.144098828848681,27.07375513599032,24.380894228888142,1
45.15420108947773,3.228094826145825,32.04543813893006,10.079613121126535,0
35.10901773628165,2.5781866198403622,34.062552370514126,10.883247544936525,0
35.07092057372625,2.5012913146077085,34.22015395185357,10.92279996827369,0
149.67172218145143,6.724904399536028,26.4952392354209,25.388856517591055,1
29.619350679577764,2.6984229429213253,32.29537868567692,12.339895080937104,0
149.18198432102935,6.441712769727134,27.84356839900142,24.91068873722334,1
85.3487812968514,6.10469183554611,30.56860014905347,14.67263914847402,1
119.88454149374493,7.297550303161508,28.417125869739245,20.653859130299722,1
109.95749763980626,6.969135116033734,26.33405058903008,21.532585522683465,1
119.69244171618962,6.373499420421827,28.43639986923596,20.80886687506189,1
60.597912837105966,4.137967114382845,30.438640892712513,13.606885094927106,0
151.79667342172124,7.176938840659887,26.921066139246264,25.618952946731632,1
84.79709141895532,5.802884833686918,29.690605082984643,14.815105361892464,1
110.33144761924216,6.477761806187076,25.956793872290334,21.885107719471147,1
109.64557431612914,6.557186504953622,26.302654223205945,21.360830844534526,1
35.0121514107311,2.297665651626225,33.66870316427653,11.15558562319523,0
85.50681811793959,6.0362756673820135,30.669788130009046,15.49656228432016,1
95.75994740402427,6.153191266884017,29.041253380125937,17.95256517429052,1
148.5256596326167,6.4886456821413345,27.55836729578668,25.23638284633003,1
70.58799084155856,4.544659588438074,29.935639794430113,14.993389059422459,0
95.04170035947796,6.746456257219955,29.927413945766215,17.7109463304916,1
94.8548886554237,6.332186039041702,29.7533831574001,17.92623355930457,1
149.26230496009285,6.385630498901497,26.278247131610243,25.65145285535038,1
149.9735045931132,6.93550791601734,25.67611934925319,24.967513841834872,1
60.278628471028725,3.3717187864845783,31.10963594993284,13.649645935818743,0
35.236339712986876,2.9266501561668745,34.27612925024264,10.221573012443073,0
59.959473324824444,4.165979603426581,31.330516175006753,14.057517301193894,0
34.81636472397885,3.7827498157096944,34.73245591582881,10.44743421550535,0
30.41304218008073,2.761985976030312,32.55001176603553,11.32992842832618,0
150.76812750003012,6.904838997768271,27.055345344782125,24.42679713376326,1
111.10305748896343,7.1734641528036525,25.85099180840195,22.389853525492885,1
120.05025496367507,7.355629694420408,28.492217773041087,20.183446952864077,1
60.245977644030795,4.640358174806776,31.216631262398188,13.04662106271224,0
69.55460518776796,4.567715964964015,30.11520605353526,15.365612772166754,0
85.43772260431393,6.527157343451794,29.750380793112797,15.268264276783736,1
69.77947095879388,5.619530184717462,30.54429833937999,15.808856778701273,0
60.114377917462,4.058426181349268,31.07357522869644,13.908168107930692,0
60.93165235676171,4.26511798709322,31.176692502370273,14.40535419498221,0
150.2201815464929,7.53327238486718,26.7383598127769,24.508033610924453,1
70.67659711087958,4.610589326597084,29.302924180925892,16.2168147340291,0
94.77555003335087,5.936926098487721,28.93883733513868,18.322205401478687,1
94.08843826400232,5.707922109599092,29.196181856632762,17.88854998209778,1
85.19076915015846,5.337185636396693,29.383048611428606,15.151812690164276,1
45.03749243058765,3.740518957355556,33.046517310557164,10.514819887548354,0
60.61014043783237,5.094482841325004,31.223777996696803,13.63909744741338,0
150.71193168551434,8.117813403155797,27.01836006781561,24.41975317990542,1
94.87293553799549,6.294694713961098,29.754547029085533,18.81647748247596,1
44.838942439149804,3.4186301652460336,32.83527536524074,10.108858350682455,0
120.16010736181502,6.08354417628198,27.76115629623509,19.703431597582664,1
60.17824334035952,4.7157610947704445,30.824456059342058,13.62980682094746,0
44.437268203518464,4.368408944200458,33.3831986664146,9.807312386706705,0
70.21036244743401,4.154573608993029,29.401613313751508,17.058004388002836,0
60.48307624902647,4.204117666568029,30.56750681624593,14.657729354922468,0
35.17292397754192,2.9198374107495964,34.55903754776069,11.470183138646272,0
30.225744842072906,3.818145668657397,32.072409402880666,12.311759496644953,0
34.5945253957727,3.4451301407952464,33.59875700650506,10.851856332412096,0
29.596485694607587,4.15402170111132,32.64476471248421,12.538214048364237,0
60.414572868742646,3.83705912840837,30.711254626051296,14.93653047726169,0
44.7342514984261,3.286868715875675,33.50990653807506,9.888238209726241,0
95.44943781834726,6.382406417855533,28.718843102348085,17.515313930471425,1
34.96656441458951,3.452286449574287,33.963576184145566,10.307268327204739,0
70.29040182987129,3.874954577339636,29.9048577584922,15.740999363963017,0
34.98024006231901,3.635924580481121,34.06051135737078,10.645696808359896,0
149.0707589232026,6.869368311756383,28.00680448466597,25.04539016643262,1
120.4607507951754,6.879342022605348,28.449864714015405,18.990095440888478,1
59.69181421094546,3.7336211897735234,32.22651135909138,13.178323191638686,0
70.4240679591641,4.184212020410373,30.020237152752145,17.34710466830597,0
95.21161889541926,5.698243664988681,28.817527185858943,19.14177880894882,1
84.6035098346378,5.619593165238294,29.70557609655148,15.669962941196186,1
119.29105140396723,6.482953629066733,28.030030061443593,19.47441538705003,1
109.31926436734146,7.023372669634049,25.89381142239512,21.778353147037414,1
59.39132580297358,4.412571049698595,31.41234953682858,14.159549801988264,0
94.68739338971301,6.252818213905783,28.226760479451944,17.2996535085072,1
45.22912952241296,3.8086083983979075,32.2982125213465,9.740560761256152,0
69.76949687923403,4.461578922852442,29.285596308657297,15.528699984067465,0
35.363854198638215,2.523346228800151,33.33413642317732,11.639615134478614,0
29.86918692958563,2.624858486322503,32.33977301154431,11.698364817552058,0
70.22768276374735,4.741241642567902,30.2687678312824,15.704120060648073,0
110.60772074254253,6.348469256457641,26.27335643214282,21.8996501438595,1
84.33966461656199,5.826844242112444,29.80123241468081,15.257167356237613,1
84.85517922273772,5.414813267128549,30.430707668759634,15.802940053489564,1
34.83062603045298,3.1751144883523095,34.228281622680576,10.692432471969541,0
45.331045763264896,3.742330202585524,32.98164413000549,9.267312221445797,0
150.25919907796577,6.989119265836468,26.492278625687828,24.893023264538712,1
70.26852621732371,4.257195224134413,29.752660678406187,16.203206559416397,0
119.90871194208634,6.551291606199651,27.80692852171751,19.96342016892745,1
110.32602251640633,6.649688127828457,26.57494695756786,21.533062112129056,1
149.6000813628969,6.625469394742486,27.303729626237164,25.58585871511068,1
121.07775236704505,6.208443326956278,28.067774073072165,20.415732073101665,1
108.19450995567134,6.552474307634565,25.99467446070397,22.036969504867326,1
109.77556181907498,7.274206993595204,26.5613751376172,22.19986349008698,1
149.31555738539765,6.933942334809593,27.585257734802607,24.23291882786059,1
120.0062873091296,6.95204082247731,27.93649411669353,19.981887530858252,1
149.75837923087101,6.586162935626836,27.46558908512391,24.817542281845135,1
44.28864761644847,3.760969534946604,33.196599099965624,8.988794322167934,0
30.83143097266636,3.009745323165254,32.19553125115112,12.33984522209613,0
59.689884572325894,3.6789776514001638,31.626868454917552,15.191929888550074,0
44.83988092153297,4.1748441907652225,34.02153411182611,9.271669486720159,0
110.63141174101136,6.451114536320228,25.527000084240985,22.508790340197123,1
119.86528330460624,7.027911867721354,28.677280010450772,19.7450149538954,1
45.509157573730064,3.7232580797990202,32.359927681734895,10.139083807474888,0
119.89403202389303,6.478237177844474,27.68669492394897,20.425990403928502,1
45.17961422456505,4.177844709000948,33.20275513398646,9.2540963750114,0
94.73983558094916,5.461670376497258,28.617123930453197,17.74165963025943,1
59.9024204250474,4.309533871308808,30.731987930502342,14.057269716476332,0
44.742855179494825,3.084409691009598,32.58364720432144,9.480614216902492,0
85.86742375895794,6.385298845880246,29.665464157013073,15.021078025051459,1
120.36895176305815,7.559113059803903,28.85806880923259,20.54178233632693,1
119.2979023060829,6.19446553234327,27.491310974768183,19.93779164005242,1
119.68790982992489,6.563260313973435,27.601723909490186,18.857385760532598,1
110.73948482538914,7.079247697405599,26.013835789564965,22.239390788159106,1
35.71731558731347,3.102562699530153,34.01816772647962,11.237210593808056,0
109.59224633750338,6.410922683706942,26.600460644092628,22.30164974276642,1
110.48398803245371,6.627843479439712,26.598523678144193,22.08267750744218,1
149.74717505770812,7.527731349725243,27.86350005283948,24.799616845149483,1
85.18024277869746,6.543858486241752,29.633204450011466,15.076291048873097,1
119.74147939126031,6.856870631345178,28.50143994561057,19.26211575791032,1
34.8467203858829,2.466217419521793,34.27264900395887,11.18105323738142,0
110.2312844235027,6.568541406964971,26.00352972810234,21.84114041404057,1
29.875413507129426,3.648525829790172,32.40430429460311,11.969376761310428,0
110.72724768828476,6.400225526812327,25.89245761481163,21.372017958217132,1
85.00337232996198,6.012273839853283,29.38749423745795,14.880031979307859,1
84.68802634218406,5.717249445510671,30.17137541766981,14.414772776015683,1
95.02844823625375,6.003214700532282,29.443157344418438,18.47565515167992,1
70.18921121189872,4.6145673037816355,29.925954550764576,16.928664809509684,0
43.91489147834292,4.946894692955443,32.28482741118407,10.059962953629332,0
30.843230874123503,2.9805562441394695,32.291408499722515,12.893020801345951,0
150.67474813244817,6.716126967857363,27.32598216436783,24.536496184538567,1
119.26093607539272,5.532765528276199,27.50838071939939,20.175151207529684,1
84.48977407509375,5.781501982422643,29.91169235339033,14.388130934341765,1
110.45683172351609,6.976896903540273,25.42693028974088,21.56057698565639,1
149.819245194781,7.602864114753232,27.058649121708786,24.086312352808328,1
35.01161176229045,2.955819869857061,34.13157086482993,10.23405529665218,0
150.28594928668272,6.646551735861705,27.1170680114335,24.751668134031476,1
30.478539230547874,3.59431937933521,31.75245825577578,12.245624232529888,0
69.85088832988383,4.309741010676973,29.346135726805183,15.961846800101691,0
85.47348744865023,5.963309104471069,29.25286056205323,15.379185656398334,1
109.9191123667313,6.3494665723644,26.195378536719378,21.23322777796596,1
34.80235442688354,2.510310306571422,35.345086834555026,11.473717250872559,0
84.3420881411852,4.986193413827735,31.18909878948163,15.106122844455543,1
94.91340060098742,6.02140315081083,28.609356446033825,18.06207375233863,1
69.25380058135319,4.742539513629319,30.174240073620666,15.098235036527756,0
94.40372519450908,6.30055677368599,29.3421049366997,17.601825882346045,1
119.35876316079204,6.449835449956798,27.49242797233069,19.393479794809952,1
120.06316578418166,6.976336211007778,28.263041823524212,20.200518071533164,1
110.04704680252125,6.2471101422080935,26.921546146039667,22.093997848616763,1
95.5162473772244,6.2075105346803925,29.09231470140374,17.256590183948127,1
29.725312684533975,2.9190998586592727,32.297548243333935,12.101338864737675,0
69.90015229715101,5.205740124811554,30.017788033692526,16.616180311031698,0
149.908753613778,6.146132953691883,27.199800231320083,25.410620725229418,1
35.16032416612746,2.9152326021781874,33.687080407468954,10.888594942919601,0
70.64208472752809,4.394437231857198,30.206708565890555,15.772483167512071,0
96.07042537391067,6.001061345354774,28.64151500884575,17.78362828639678,1
95.15312424931007,6.460174510144018,29.097640489909594,18.29389267577678,1
60.15068101846924,4.794166069705806,31.451244578294624,14.540285112888323,0
70.49419603806297,3.9979619912986255,29.68203887168819,15.885532652276435,0
69.41216538206976,4.147293479604131,29.575551444584,16.148783515492088,0
44.75259640093898,4.5083766574677675,33.86067863023501,10.415886899976753,0
45.868871942852664,4.09277686507151,33.71809518392879,10.497079615975638,0
61.125691838148924,4.280166065680849,30.751239931612687,13.817514329396506,0
120.11875035656486,5.9663656077947,29.063313589386105,19.29780743393999,1
69.39724820149361,4.60238547587714,30.136004808528895,15.907340161473014,0
94.78238320583094,6.329801547279875,28.900577829531574,18.097932944966765,1
120.69005402790627,6.520401059113889,26.94471415478502,20.11280119402294,1
59.89272438382626,4.14360844916361,31.669169732617174,14.666769041362414,0
44.947741858298954,3.2395501609420316,32.81490368337547,10.28357311928863,0
34.523894465318435,2.915318221665729,33.46827072253514,10.899686825184363,0
29.76017236041212,4.222518769581219,32.41143340827888,12.490923682892486,0
34.777447689117096,2.3908420151498504,34.1694096730487,10.561181662541891,0
44.231603878374415,3.6766918277039005,32.39688713755504,10.35739037592628,0
119.90111142708218,5.350333679688779,27.43573339394347,20.161682866184446,1
70.02426162375609,4.300920380423823,30.64657032737405,15.322740621389611,0
149.8055256896474,6.785796535849088,26.764624831264943,24.9250660842903,1
35.17156879929185,2.647198462085518,33.921294906306,11.450101325045686,0
119.79041627433524,5.726193338594796,29.001145103195157,20.974066317839945,1
30.134182845375992,3.577175079437181,31.728642907938124,11.834831072843894,0
35.17612223867585,3.0397133850755886,34.75530850639826,10.796697106692822,0
108.91671867952677,7.387397713352631,26.204893851332372,22.008089769680797,1
150.65520232863977,6.198569178147727,27.14766570090526,24.980372549602613,1
45.702723057835485,3.737308123504056,32.9978110477748,9.947811998022202,0
94.17095791269499,5.32143095677048,28.809682389496306,17.557393868447704,1
29.690587245236426,3.183548182704243,31.016149183848274,11.776086686110975,0
109.39008245330865,7.361444713628236,26.606528321970043,21.436990759188244,1
110.15030993569565,5.738153243612936,25.484103238151256,21.426896513627586,1
60.218718714554335,4.964262881674553,31.19964553513442,14.341949053490604,0
94.38023107589501,5.193844648911532,29.62483767122562,18.266430057447298,1
149.54669527374273,7.385230950994432,26.303940012755184,24.97254200519163,1
109.54019834111484,7.697682483574186,24.736283008587154,22.099119104571855,1
150.61696444778343,6.94471883932711,27.32719953563476,25.00509640502443,1
35.29348625850143,3.5893008651825395,32.58346470638418,11.402648181716545,0
85.55780910558902,6.1777122013557895,29.80609061064087,15.368837444255782,1
95.59797313966317,6.128248009720882,29.77533135656329,17.840975540263994,1
149.98982467422073,6.226968022984872,26.314547011289662,24.84647439788717,1
70.26297280867009,4.507573822266861,30.367966040372654,15.474357766735633,0
119.40511500087597,7.018654013551281,28.451075451242804,20.367900523820413,1
34.971498039251024,2.9031854062272244,34.267622605932566,11.319775943891504,0
150.04204567668893,7.36640683602294,26.87506176330278,25.156025171454036,1
34.32391055706032,3.5952342606880285,34.34234376834945,11.65395762493941,0
70.08379768084147,4.959052786289831,30.585693470412327,16.043169737162234,0
69.71498626968828,5.292878828701084,30.195632131960355,16.11341716854432,0
34.44000386732545,3.3138893328097345,34.5962922689887,10.966663897521627,0
30.105610084564816,2.627419976330492,32.40307090838482,11.830315948545172,0
84.84958111229002,5.190625952472434,30.06865335252852,14.768328776096979,1
34.6040027497768,2.6105183015163127,34.34961938105129,10.748918053594247,0
120.3775739660607,6.816302776002747,27.371448634576957,19.876316389440305,1
43.958174363097584,4.381452334960731,32.524102947896715,9.347007184008568,0
94.72373032235734,6.427573191963697,28.945030206888973,17.86282689470535,1
119.70791672287369,6.3473913253904,28.371633991177156,19.982459728280038,1
35.30861243312662,2.1329330064027157,33.17235961920388,11.133408830617704,0
69.92025717913899,4.604594872456856,30.11163287348458,15.349082922111231,0
30.323803324091493,2.8889235861172153,32.54678669456922,12.272201879535288,0
84.75240682669613,6.706106590622173,29.98792416865692,15.762346733184351,1
69.61929150427927,4.517524566473617,29.66416667976393,15.903216826610421,0
59.62764266706543,4.08626504976512,31.314669264495578,14.305246813039918,0
120.16119363365516,6.7102995019726634,28.67145005136045,20.15804580803776,1
35.431348482090655,2.6436179436143328,33.9691628727277,11.042372202310426,0
34.330532436006976,3.595935406584665,33.91680057000788,11.529442582170182,0
119.71834965534188,7.549849792189831,27.87399016802112,20.435166386715423,1
95.04871682383272,5.410573367077529,28.28382578024082,18.104469024640014,1
44.88496173510974,4.316302469124082,32.45885779339834,9.913673780915218,0
110.23126880185166,6.134178484885421,26.331846422705496,22.158230766827117,1
94.66952594347218,7.277060638464633,29.038818993977927,18.765037990349022,1
70.86776682007249,3.9523742707447846,29.839597213608485,15.932551949142974,0
95.71696785109344,5.694722414887461,29.458440229974617,18.15730057811784,1
59.816506664756695,3.048773348527316,31.005418257376466,13.288023076026917,0
60.08141548568292,4.134059844153894,31.11669484823747,13.74509682632283,0
70.28617900084612,4.517136779284471,29.47964127495216,15.640290052769723,0
34.6726394144719,3.4732637718944877,33.35087656737127,11.083048030130115,0
149.58044251259076,7.2428084424292,27.671078886829665,24.88178437264283,1
35.21915147010109,3.0621084892938657,33.9473240589397,12.155458981855435,0
109.84329914311081,7.216724686823272,26.815415808449035,21.1879929555887,1
150.38144778019793,6.896429860887459,25.927513150633626,24.74747670004767,1
85.88921761682498,6.9628098698259535,31.289731430891987,15.17741867713806,1
150.27844089983233,6.912790677729248,26.56564699169119,25.961498620205244,1
29.685921190340892,3.5534463076175395,31.819160683461334,12.216995245632678,0
45.26399633122037,3.963348544166545,33.82535523884281,9.578108577726825,0
119.82750349361314,6.513334338235976,27.597727236123777,20.191091400571214,1
110.05603322268362,6.735801623380014,26.698831273527233,22.345471750883675,1
70.49718771222585,4.037353701128292,29.43637122560589,15.28159499258594,0
29.22009869573088,2.752338819165878,31.997076924390996,12.439343162324366,0
45.376254856138445,4.522077682631815,32.740159650943326,9.714330179917276,0
70.40854569022571,4.302666012643375,29.91453629552196,16.37135687181965,0
44.34804173844598,3.198309869668047,33.14530681967318,9.76594994037374,0
150.387163016049,6.206810699664266,26.728467616802742,26.232735716166303,1
69.88488955578696,4.08645190135058,30.197611756642647,15.934141701509848,0
150.64040340986944,7.611492035444351,27.546506938656584,25.495328011332624,1
109.43921860929407,6.636933701012594,26.355863095752333,21.887422391186323,1
85.72985101601758,5.9991362721100785,29.888738940782705,14.536453036093084,1
29.760392322516832,3.3899812598088124,31.838429528314656,12.059429985113416,0
45.429926497319826,3.9105502845150486,33.199458210346265,9.860666255470075,0
30.41236823016716,2.7867750269792135,32.19535378109508,12.03773493396981,0
109.7772013858237,6.524061683977506,26.13834879436817,22.132498320442572,1
149.60055878295876,6.608865688403189,27.74073980620178,25.150161579633348,1
120.12408656707107,5.996696948441506,28.531161970799026,20.72999943133138,1
94.39176946631041,6.995288681155916,29.16368333048777,18.10128712482861,1
110.64186771964364,6.998906873554108,25.45608375013997,21.99145818180239,1
30.656409121914635,2.966893518856633,33.020805267388454,11.22543569930157,0
119.6159014651954,6.298887680505044,28.119373832441507,19.49183752498383,1
109.48626032324756,6.980659670793625,25.425348572330822,21.766762765673516,1
94.91813346307907,7.051994587343436,28.46544865756022,17.565442446780605,1
94.51431348063619,6.153928286042416,28.485226914139208,17.5409240263416,1
95.48613854982007,5.428956105552957,28.475634929072516,18.219173285873357,1
60.64262990801804,4.548589286373727,30.492195200377818,12.490866147815062,0
149.91780364107174,7.108719744952383,27.000748097638613,24.814269472462115,1
45.75529521421491,4.244129017983772,33.073622953720516,10.704228089713716,0
85.37379303817885,6.275835370628583,30.905168930429156,15.488763128756545,1
109.47018923698414,6.567445494366778,25.33123063750225,21.325664101227776,1
60.69054047377106,4.251852781865036,30.042612587023626,15.012857738942815,0
108.8904089106452,7.576607426519904,25.732477339282827,20.73753172775475,1
29.361838367043912,2.723603052858041,31.53949146635781,11.595724672257507,0
60.39272968341145,4.057750006483852,31.77373005557393,13.398124919883543,0
85.06783274447078,6.661411383490027,30.24631198419273,15.289215251354895,1
95.22884035781587,6.514293814071049,27.867858888950437,18.316367114826882,1
59.50249125884404,3.0435320547592815,31.273518650609926,13.736002871556972,0
60.097904374805715,3.446618786807636,30.501121733086404,13.85802044051697,0
109.55655260056774,6.876677692164863,25.445452364975978,22.8817591932543,1
85.48654476964218,5.595193287369696,29.528467510536426,15.916240782578909,1
94.78033499600373,6.178365228765147,29.492837789698456,17.634246940240157,1
109.4859278277808,5.575399371334291,25.857220644384178,21.276452868656488,1
35.25233221110199,3.5120953367475214,33.764195980569866,10.37850224740816,0
110.59272618255991,7.238060748387312,26.852647582630315,21.953043943687046,1
120.14954426425273,6.816073496197848,27.84742810881481,20.72428167860453,1
150.4833916258063,7.027221142782997,27.82858151553733,24.61077705446709,1
69.75524783265206,3.3676414891796607,29.651271986573178,15.954227886612667,0
150.32590194474602,7.261973621401392,27.545920437517317,24.336015222465917,1
95.6657928175699,6.061713399600697,28.171200292723935,18.246544539629525,1
111.0577338897132,7.367376645216092,25.712370982842778,21.428894646985533,1
109.8308492775637,7.325239548277231,25.57033913887341,22.114973706789055,1
120.76251792414199,7.201905879437627,27.455016876839032,20.235641106753082,1
45.30614519419529,3.5755063935337352,32.90858850443817,9.588875341840943,0
70.09873584584567,4.689060075705048,30.937066838185885,15.989965859168946,0
95.09099493927908,5.263167406778182,29.160235797267877,18.09768060937854,1
84.52479492229088,5.799926039261936,30.357877349573556,14.83026244525521,1
120.32324036945532,6.2601653749690165,28.93590564712472,20.744051751382514,1
59.828706293766096,4.648810884706577,30.843417094207542,13.69906228334079,0
29.659383390704836,3.599804974426147,31.970729733713483,11.667111866927565,0
150.30069673677957,7.6057701058060605,27.576879607707745,25.20027194570024,1
31.044126906655382,3.300614446712291,33.12022798308934,11.645935461220265,0
109.39631001974203,6.381116400993867,25.59277747140887,21.746134166847444,1
34.510713341966806,3.186503882204553,34.54890071220503,10.4905156645639,0
45.31548324832995,4.109291552444176,32.854842156287305,10.864658410117226,0
44.85562533438158,4.315259527291374,31.91325873072751,10.09360813735587,0
70.22551756209674,4.635251580587845,30.509202010788375,16.490324613377744,0
30.085136114246076,3.37406920645284,31.879483712552688,12.38641787380266,0
71.29094283372905,4.099365510716467,29.235331386464964,15.328342110748423,0
45.22636815555078,3.745175953427356,32.61822628911605,10.466979851120838,0
95.20594834561932,7.391545277416522,29.45714190614464,17.86814715584426,1
149.7155906015228,7.2809401155838405,26.34700374331233,24.8150690091549,1
110.74638625501683,6.462100201790919,25.87878875901114,21.95253598222624,1
29.539392690726164,3.198750776951979,32.11813141024722,10.790547046415927,0
120.14120284241633,5.952572557174577,28.63232954316957,20.326674130253508,1
59.968626443433735,4.266595800392262,29.777445138037745,13.502068828501686,0
60.16968314143019,3.7218531920284867,31.18236486715296,13.794134273606586,0
30.18846581046363,3.604455429291552,31.500194447004933,11.835909708557617,0
35.00093130141332,3.4231591677304167,34.454329474573605,10.837375915942594,0
94.4512609778899,5.697267566104152,28.98489894328968,18.129017925896697,1
149.58872815234218,6.856117333078859,26.739882078237088,25.495580681230898,1
84.57417006141127,5.427456569592812,29.812112416675703,15.286709211795776,1
34.99540800252958,3.617406752112565,33.78406175784609,11.27455479115007,0
85.20477234028873,5.82374587539977,30.17054818161863,14.661359691708519,1
149.92774946683735,6.8246403894188665,26.93196315368857,24.541850315831084,1
109.40914196595567,6.595959878650654,25.606644237337132,21.446079124780287,1
110.2574388168945,6.63061863050585,26.229618321233595,21.85741870371075,1
30.370526592052634,2.8358136531791724,31.804256334116673,11.968989678133198,0
45.707208437947074,3.814737196354428,33.0479763463178,9.969221204281487,0
44.354595884448116,3.899641953825447,33.10424838772377,10.895892783420523,0
109.4331355113238,6.2828382498319195,26.249311043109913,22.268014802236895,1
34.444631968559975,2.465694598845971,33.232039432080136,10.899240263186247,0
120.36853021237467,7.2633594416705,28.19687854137717,19.710022259870478,1
35.30294784784352,2.7525182606301857,33.96405328231783,11.345578706115758,0
94.47242806423138,6.650967962242912,28.820503384142953,18.996642942067453,1
29.62682631412781,3.766001119838237,31.435305171184275,12.384116152944006,0
110.02362006553436,6.761642900477344,24.71678093264045,22.388030555174982,1
120.89250138980347,6.37526421896368,27.57673361641887,19.825585295926754,1
95.59414054231854,5.7985211110362584,29.769699646534452,17.412410315032584,1
35.30640480542734,3.3604162776563515,34.30356590774494,11.758813736411732,0
109.53154882219762,6.493293876761064,25.943755099349094,22.47536751671102,1
60.21365952748401,4.50000227509523,31.323441861660886,14.450742133243946,0
44.15532184032327,3.6354254620990485,32.310295954117116,10.612210862129718,0
70.65598352112266,4.97720920368892,30.18494180693664,16.49976182077037,0
44.969051252124565,3.396138255547535,32.61748270804879,10.411142966391601,0
119.98036396515205,6.945788778299642,28.203888425700786,19.718945429805423,1
35.24992568296367,3.1176658756563036,33.66377810668502,11.507619375874205,0
95.79892789835253,5.4563543499354585,28.735841942011742,18.20742224315793,1
29.794449675820207,3.0194563266268473,32.71113899926749,12.148307280842676,0
70.47777279635166,4.082041341122739,30.531010551928745,15.148729607038291,0
110.94413808703916,7.674406065898899,26.3706753916708,20.97843640641472,1
95.10978956147706,6.24406167471476,28.607711954370536,17.52476981648655,1
70.0470699685098,4.604663819467699,30.182961952728082,16.01693681493343,0
45.69754885059985,3.5715378324357703,33.76187411778749,9.840395386919477,0
29.747875277931847,3.066063945552622,31.894654261478603,11.655477576739823,0
59.78278814483283,5.208534920674502,30.632619796236327,13.467878203216767,0
119.73433105381861,6.155452440930674,28.297879472483356,20.076056013511522,1
150.21315710045894,6.7709150301511105,26.87789771797922,25.013217965611208,1
29.93419602390537,3.122705613282268,31.016923081868423,11.716284283029736,0
35.08240350010123,3.4928405791297568,34.69966047695994,10.515186189587196,0
109.652845801021,5.704184696176372,26.465462729307735,22.269514387513162,1
70.4720246577654,4.92139854436718,29.532200267929586,15.798541294190027,0
94.60451030742547,5.761877453280468,28.680405620609612,17.76775750543298,1
84.6354557852489,6.376289069619086,29.762967664813207,14.94495100970931,1
148.80694549165776,7.341260585287902,27.004184100169162,24.22296167107661,1
83.77579068946821,5.706747634390041,30.50023368735554,14.608507655368355,1
109.83685476034573,6.657349707694286,25.280582011950788,21.41950571796329,1
60.00281436729637,4.072203704207273,30.065076675914007,13.558870174722218,0
84.27065525353824,5.516976327891226,30.024003974433818,15.17193575139469,1
84.50928176476896,5.698132120192535,30.049840299943483,14.715591309320054,1
84.36580196516181,5.910744370601153,30.12925273204236,14.324436431828865,1
85.44167507640303,5.891128652918195,30.117201938071762,15.197312149633214,1
149.92366199711927,6.449673545081989,27.037935349009793,24.656719334146345,1
44.93635698888975,3.5674859538433057,33.05732273347615,10.318635791249266,0
70.18860910047894,4.71894557475639,29.849326216521305,16.978455148574284,0
94.05628986082257,6.422283244412588,28.785043998350368,17.38962305157211,1
34.40815160196501,2.971127357871604,33.98988017396762,10.309833718196401,0
35.128758231780125,2.6913201550598105,33.62947424761666,11.147423839799862,0
70.1128729129631,4.96640906361764,30.046830906110706,16.419385080061765,0
44.682263398529685,3.3382696846813458,32.66854617474426,10.071610955723122,0
59.72882339356757,3.59864266600085,30.906007053607727,13.836660874664952,0
69.64128476803465,3.836479120883301,30.491704999095973,16.192567006444435,0
148.8944784338054,7.216131085030281,26.746410774233244,25.106429059446704,1
120.9300471841875,6.708381538248715,28.033282411718446,20.82621597599591,1
85.1218497164578,5.052797521154472,29.924296546597116,14.288446033895465,1
94.38429902016068,5.514028016107152,28.01752874071215,18.002414354381656,1
45.00165305665939,4.138860538016993,32.705017200247866,10.385585651840195,0
34.82710663909088,3.34063020577927,34.212274275132586,10.539017762089664,0
69.96252347824696,4.95680757760106,29.95189869592076,16.54438808118351,0
34.62857911977005,1.4838163197488028,33.95968724547968,11.217570790047265,0
150.3281144679951,7.003911619507857,26.508018920471017,25.328876516341566,1
59.90017043204434,3.4320985328716036,30.974373631090884,13.651661151709984,0
35.640609733359284,2.701587060699883,33.794706886835705,10.065885710988516,0
34.51627176950986,3.8198196471358488,33.89570461549331,10.112844825873472,0
69.68764545856047,4.687274421185847,30.366490375201433,15.930751740887652,0
94.48255971407563,6.115682054846192,29.058926116753362,18.10999814029659,1
120.48968655207752,6.0582307452523985,27.831719930204347,20.127033121429193,1
36.13002627863331,3.042220463694691,34.47969301737362,11.304659952224311,0
45.157287235313824,4.427868042671606,33.383755195261884,10.398704958837557,0
149.5349985100649,6.870738437711603,27.50560296614528,25.025980418250967,1
30.968588551661906,3.2107155807018404,31.897592048548308,13.07916680793674,0
35.851040124221264,3.251505542456065,34.21712157753369,10.56983342887832,0
95.44643780470098,5.860383709527746,29.29015821037826,17.575765258507555,1
34.146208321084394,3.304168917697644,34.10098595981375,11.54601160407167,0
95.39858775007853,5.8967855824171105,28.053889062091223,18.46860144914714,1
120.02775086373386,6.493578311841587,27.93877924564137,19.602889397332568,1
95.03087231822083,6.852013859229539,29.202820682526795,17.505416535310584,1
109.93317807917994,6.445876025281956,26.013162931813152,21.69565340494459,1
111.27502148919496,6.773393264321524,25.341911735973518,22.36477401084471,1
35.30409444112698,2.24455600787474,34.006972352780075,11.345224448078703,0
149.4617965205403,6.7564476987785165,27.18109463072254,24.761380378832794,1
44.15685490493431,4.046167375129907,33.69089899931561,10.69148404058386,0
84.6888936093948,6.130508117836243,30.04531226269636,15.387078867073619,1
60.03878671220577,4.305041577038328,31.26180577416206,13.529485625162113,0
34.76070658288158,2.173398896090343,33.731294669276586,10.701792737724524,0
119.31091401460601,5.9765419132326985,28.548095923047256,19.44430856492363,1
110.34875192029662,6.58316651546382,26.10483411228863,22.610899803977805,1
29.515425243459596,4.302008667757743,32.13019942259516,10.97440770313068,0
84.95804675679261,5.311205051045808,30.677397293241338,15.227668955605772,1
149.91275423383385,7.706387753478508,27.18494819101963,25.545042078254237,1
45.095977161571675,4.087381450889847,33.44640689837963,10.71389633478752,0
35.58087736205125,3.673151149746513,34.628010903150795,11.006154063887964,0
84.67554163435537,6.271417114948536,29.52303234768734,14.673813688825906,1
110.44938391044042,7.108982288376583,26.332612554330137,22.150273657842035,1
60.878121136823054,3.8220157163352537,30.874098212509566,13.740868158006627,0
44.34109165315733,3.426884472571919,33.272574631726336,10.357280197325014,0
119.7125677091888,6.4054609638051785,27.818883109121515,20.496317065222915,1
119.42358925011453,5.81568552394078,28.934986665410516,20.277802200943828,1
70.64094258382886,3.67648332698309,29.392426751280773,15.344280270343585,0
94.78361870057164,5.345299939995257,29.566778089269068,17.751814785467126,1
30.08375458193302,2.708195604592768,32.36643402725378,11.197077598611804,0
45.37347100704421,4.096429120903469,32.71915843837523,9.815205382472115,0
150.05195791642387,7.670716736727247,25.57195724320596,24.71520722125118,1
84.62255729442674,4.817750645835628,28.922819156588645,14.652903227085245,1
85.18291105069298,5.9287515687228005,29.282542082414327,14.848152687017052,1
149.98143890274994,6.603684911906919,26.861438450033535,25.47143281487661,1
30.581314569356376,2.5866545272914387,32.22498800879031,13.030458335924555,0
30.230308398293385,3.1909498085997736,31.650531210864862,12.188948131596094,0
30.348481362982902,3.2017034630878656,31.687085023921423,11.80944165370508,0
60.83283505971092,3.846020692453009,30.067360134569995,13.175939409382732,0
30.25437797029344,2.9496533586383396,32.66839045803902,11.978177017882135,0
35.15081294551701,2.053788895599885,33.39087009489276,10.917882860749623,0
69.56136325759014,4.754440489304597,30.323953410280314,15.050324510354693,0
45.23135264010229,3.783503020165701,33.30457453059085,10.316326002994519,0
68.86092206247837,4.3224573183193895,29.70275024719956,16.317393998938897,0
60.78168916072875,3.6307849511571795,29.932448130819314,14.042913892266975,0
150.134620402505,7.014775983205688,26.956010596980185,25.083704753161623,1
44.62833114383556,2.914384698870703,33.804790863610215,9.443587388671936,0
60.15695054857566,3.7314936082437957,30.805237353867685,15.082571714978476,0
29.391462951753255,3.466832100352126,32.07340439487645,10.894248931439853,0
84.71327473892292,5.762356649498152,29.784209186852657,14.50286103562733,1
95.5001702045012,6.519241422646328,29.2080376930893,18.8431322496631,1
120.38291562471403,6.279081892281894,28.20393518671409,18.916738060461157,1
70.40898925313353,4.348475910706458,29.3057770385168,15.631842201575905,0
70.11064759989597,4.515205164020837,29.988151163113475,17.38287095259265,0
119.57820230565305,6.596505497501103,27.52292163412206,19.99929960575446,1
149.53084411200692,6.353313392600849,27.312859748935338,25.311672796424975,1
35.141965080013826,3.3736760174007117,34.036758288239156,11.150331396414199,0
95.00475076026568,5.146340768429579,28.658888678206374,19.19168090872907,1
150.35016529960015,7.476066292872341,26.779684212958706,24.669939172719438,1
30.436034357963372,2.6628069260106866,31.948485459836444,11.70141362634566,0
35.46499524092717,2.983199278793645,33.90152420886471,10.625159178531682,0
70.6935424700717,4.564933892853196,29.290465590543022,15.94282328843538,0
35.798412754156296,3.3989664433307327,34.47776232676488,11.097299794625954,0
110.28382562817733,7.969977958148215,25.75324353860769,22.449693532171672,1
60.263805710674866,3.7676491981573266,30.603841907332278,13.519602505381549,0
149.32183649425036,8.180601278260053,26.76951959384041,23.999235809839277,1
149.74010238009174,6.930882426771597,26.357804243787,24.68258658051954,1
109.67552478660136,6.503209879663262,26.366202406566707,21.5706679402185,1
85.21383754710828,5.479809550326726,30.321370941228906,15.044703874034774,1
119.85805627614708,6.493440345904725,26.83872564715942,20.48766888494397,1
120.04195201339212,5.988724450623123,28.262069083825097,20.121939791304893,1
29.204535583314165,3.294755947999944,32.111864661390214,12.093482640052391,0
84.84596988225593,5.56046459142982,29.62188449843912,15.362973823120997,1
45.64667580077427,3.8615056305264637,33.661965545967774,9.952246842713826,0
34.96816677473015,3.343912136036723,33.71179866038705,11.2046237241097,0
35.446953058200286,3.434375866789689,33.996051840421316,10.686241941366813,0
121.11166024986981,6.777612558406458,28.58723493284358,19.544233740117136,1
29.065371385279683,2.8735191083357248,31.763416549504953,11.583172016303159,0
95.35917559950911,6.598233279982455,28.98576842571734,17.895307806775026,1
110.31032411501646,6.240408801802486,27.02072071337605,22.442940478472458,1
150.02417128892458,7.170553655771816,27.42551981040518,25.012666630889594,1
84.02335271526567,6.380199770897915,30.19309323840037,14.542823762254322,1
35.75671071564279,2.966712230029184,33.964857026893796,11.913237499646508,0
29.274317632192712,3.5449381496981505,32.521333495171596,12.165623669874504,0
110.46590432300357,6.967045988770303,26.108807813507934,22.353878818557153,1
118.81372453025209,6.741500761405311,28.348038775037033,20.040403641692624,1
83.65098489979852,5.16910437159551,30.548088346674295,14.23009697633732,1
59.7417234683508,3.854511106099998,30.730766662776837,14.066554480200798,0
150.16363157426008,6.83746976316532,26.48552796057251,25.289277164470107,1
69.96712085835664,4.786474258388291,31.02395355451811,15.533757540105283,0
85.07425712840796,5.864265426649467,29.213143974596854,14.796378782100877,1
149.44143993282447,7.542892324643177,26.879426680207047,24.809281965486523,1
95.41333505013917,6.180745425112549,28.436797501723902,17.533004896692162,1
30.644175915844787,3.2591588567224283,31.90965503714603,12.672582093484802,0
44.59102669353097,3.919693490524456,33.27234467870329,9.923560851015912,0
59.68157372111572,3.938757337199869,31.219159243233587,13.782614466183333,0
110.34380634431362,5.797273524368841,26.52653218772315,21.470080281485277,1
35.011997568656874,2.8112537908596593,33.80950001595854,11.075364248348302,0
85.37692284158483,6.6628329411233445,30.302071569455066,15.361018048301966,1
35.17355366905403,3.299950633632985,33.32804339005526,10.709345712347256,0
34.6193416098263,3.523590357244461,33.8201474561582,10.297181781220319,0
60.54859727106221,4.185962011446929,31.227218241506257,14.752691030310249,0
60.88293985321597,3.991499116558355,31.23054786909466,13.805584267255728,0
70.11279579062146,4.31954234753144,28.99685937760729,15.254625470992242,0
149.1270262089035,7.660970891822118,27.472906324033975,24.719143297715686,1
85.60210254986077,6.154029745306258,30.18146847375794,14.700704266348462,1
35.33287903383992,2.709568313610074,33.952718620600585,11.225532498247548,0
120.1308810011616,7.1394552787382395,28.001913542616084,20.208447073470932,1
149.85558262159788,7.536025956720811,27.70707918439921,24.716403945287958,1
110.4744225058393,6.43669891533339,25.76811538622834,21.87580352365736,1
69.96861258870446,4.760844950732817,30.155630576194206,16.138263867844213,0
119.04460980800344,6.986844741106253,27.567107931927914,20.301483710254676,1
69.85933354557193,4.5703334942905105,30.318731355436427,15.761526901163835,0
120.16102140161516,6.116858245233061,28.425457483641022,20.18175507766757,1
94.18437168194212,6.831451875172409,29.308668190239583,17.78579177225511,1
70.29944106533098,3.7561308120148964,29.89279094637415,16.979028729439307,0
29.943929353661723,2.426106594609024,32.467799734839396,11.61398831037635,0
120.64081527702969,6.788576813590402,27.580844689485684,19.965457943528254,1
45.22560149925159,3.4709526388439627,32.858622241248625,10.11727399986735,0
30.55744048539079,3.5980923870566417,32.295711979202075,11.859725519761389,0
44.74904706444418,3.56568163640653,32.65082169516422,9.933224979898108,0
69.80915512284662,4.0821398162496445,30.355628672190104,16.2874480627886,0
95.11042635316318,6.232295623671235,28.802672636859597,17.46314174669111,1
29.42095295824038,3.523840445723996,32.00311435395583,11.925346582855289,0
94.81246594787312,6.442731677976134,28.43578476839016,18.300154524562778,1
60.28389932398838,3.616126535515184,30.82004852840089,13.457018021844169,0
69.94882511589196,3.233475979160629,30.42612685279877,15.764215662350752,0
94.70469302670968,5.777037043463828,28.802010068415246,18.09400704156732,1
45.368827143516725,3.424388078194135,33.18327428786103,9.87125183902544,0
120.53509841614395,6.773892266588573,27.67310802980007,19.591566227319817,1
35.537883178625606,3.586783574001059,33.72061615150798,11.340185166238607,0
60.072983723569436,4.676849138533495,30.38035939666714,13.816003293034981,0
83.59971509941398,4.49676492962384,30.1976083389462,15.43404556684206,1
60.95889545328671,3.4301932133398334,30.33643036541364,13.120345562957294,0
150.24616776961105,7.24107856219252,27.328740898660367,25.08740386422996,1
120.23606305783471,5.717365880122316,27.94535310312628,20.930428312089912,1
70.51152382004575,4.569761045662586,29.9451095918554,15.611183679406908,0
34.715753132949025,2.0489806077060506,32.8016519414131,11.30613614923985,0
149.38518451936716,7.155059011282258,27.140917557042084,24.8355955467777,1
119.2885988074685,7.519739256126153,27.796985651862684,19.381668371086718,1
30.220830526621107,3.168246558995034,31.937016234391688,12.400695068190851,0
44.62843709153565,3.792089999296142,33.25982682114158,10.558059092529007,0
45.25124063922987,4.218363867226466,32.80288639908109,10.109815230213256,0
60.33254981140657,3.3024073728339847,31.13455961333719,13.502439758970663,0
149.60497356415627,6.337728017308299,27.216263702960273,24.881235757377816,1
84.80193547540033,6.528106551256561,29.962438317252985,14.587329693678265,1
31.191990548233942,3.522829103956147,31.564068584570173,12.4165030406697,0
69.74572785863114,4.627993385451073,29.764094454652955,14.992816466549153,0
94.32389933694105,6.29958594479989,28.679634735140958,17.406887417029516,1
70.20022754916631,5.320393895794741,29.431138621219585,16.39117647351061,0
30.712674954327202,2.588756565188003,32.05066443504658,11.720317041048046,0
119.60238982531887,6.0648116499234455,27.656431603170066,20.010257322221435,1
34.93553817824934,2.8617709340494106,34.23070552524657,12.654257284419087,0
111.32036512236589,6.923097243497329,25.837404817569556,22.488570708605174,1
95.40492310154441,5.777298547458817,29.03751081827977,18.380132036818488,1
60.30462878075126,3.691356809302487,31.032922902555356,14.196007283171006,0
45.13080058550041,3.034049594389108,33.97016294441715,9.771602100981017,0
44.84554653223832,4.069411296026412,32.42841155408334,9.57402846257327,0
94.13402511676361,6.737140810320393,29.144976798099496,18.374599667103375,1
44.270047710662425,3.295130256312793,32.39199270751484,9.762864172337233,0
59.80802076781653,5.003454719591865,30.296112019284276,13.537912834397844,0
45.61811755948812,3.027565656297248,32.857581902209134,10.788035602665305,0
58.965452028437014,4.498551782004985,30.648756005841236,14.743515770633056,0
29.460964419521627,3.229154413751347,31.73060205256136,11.688046158002368,0
60.63706309627392,3.944788058190732,30.332954079285997,14.206562758638949,0
30.60505771183695,3.4702560819173325,31.82571975682061,12.081888661881194,0
120.59540063803554,6.727901109934793,28.662565448738423,19.57766679125253,1
150.13006116877185,7.15554274588234,27.062600685556987,25.045357218628144,1
150.12097719920948,7.483392330852245,26.984628675211667,24.480921109224028,1
30.233395136293822,3.2184019540924194,31.87407064130412,12.442877410021785,0
150.91590276875644,6.611993658903207,26.256772355166998,24.49878985924268,1
150.63547096774428,6.782645824862688,27.058923802913835,25.24312156823943,1
45.90044978447439,4.574659872733865,32.89816309793375,10.323345986012495,0
110.79789164421967,5.891862525444916,25.89288002216898,22.475241571762652,1
59.281723696228596,4.176392681750274,31.07343268031731,14.66110404475569,0
84.3920822577939,5.666864258271658,30.12364784243352,14.769718069553873,1
85.18616509897467,6.355864336752248,29.62819356626051,15.782421146755286,1
69.90723990595708,4.855112234867727,30.04852828007277,16.078790272671444,0
94.6065220254021,5.758676445161908,29.055672642510075,17.89009874180585,1
59.37698655533394,3.937165280794576,30.975370534441193,13.90362601345675,0
150.10850577692202,7.096636473801745,27.656089791256917,24.359890808622346,1
150.3396578339149,6.861295368742339,26.674860589379044,24.891846977491177,1
33.925113779026084,2.714748545283257,34.250996606993,10.90326128527107,0
59.687774720867395,5.060777390375957,31.158342644625026,13.798748719197922,0
45.39696994792066,2.6931998781469124,33.2973914522829,9.61480103135327,0
59.83554184274023,3.572784983519914,30.18435750493118,13.595047710492219,0
109.81541447322806,5.092605563371699,26.262619939769166,21.54804279745932,1
84.67636437750262,5.786079539322828,30.027600614743108,15.607185519170933,1
29.173678431489243,3.604435045676162,31.060846952275746,11.597875696779978,0
85.22612278361747,5.325640456156533,30.036418221551315,15.035683872254499,1
110.50375863115553,7.483484631848175,25.661235102052494,22.51843700542153,1
35.127347186655676,2.1089859358079135,34.710005573801965,11.147250215266546,0
29.016881626220492,3.714880862843351,31.948939141033133,12.934250422274761,0
95.39982742864855,6.310644593508986,28.8697970952774,18.524005897034797,1
59.232602126915396,3.582905276976805,30.69226305852648,12.917200574946241,0
60.191640995827065,4.1187072538891645,31.204341755856564,14.419554916626028,0
29.17761720314822,3.2341834342494615,31.356332334994264,11.951973102117199,0
83.42266911440977,5.831480195467928,29.635356204764754,14.768746556534033,1
34.27359985272827,2.705729930114348,34.09703422634591,10.599450231356764,0
44.74102613060306,4.091481618190401,33.343254644585805,8.912218318730966,0
109.94750216369455,6.542144580231519,26.45185810314238,21.84452852808205,1
34.59838831781166,2.3462665938444234,33.84350215426398,11.155397847944279,0
149.78581757581085,6.062355850884678,26.95009066464663,25.152794508017422,1
84.38164256317928,5.845967885791833,30.06870926542316,14.325805876318528,1
70.96361395932539,4.375679881538507,30.42427659974862,15.088397851137547,0
109.33480076525788,7.2528294616996245,25.900579603371582,22.353840980366133,1
109.47815213956655,7.268038217155379,26.351244568817716,22.192286368080126,1
34.25461668916751,2.6226310107018564,33.4852756873672,10.884497031785301,0
30.081406255654738,3.823365947041665,32.542877592253866,11.239960786495772,0
70.12965811419146,5.411365329473391,29.7408387702511,16.378233218742288,0
60.86252101445524,4.398122327700987,29.820593620520206,13.33109913439933,0
119.87447104301044,6.354114891823581,28.51075357978391,20.47320518505815,1
34.068608908034484,3.131005214258926,34.14487007428758,11.164213030346236,0
30.436826285739688,4.074492924701891,31.46150792614605,11.829540471081634,0
151.35952350363888,6.7992947875618555,26.836680459834334,24.101771139195844,1
45.36930805787907,3.6919279696087695,33.46277310543799,10.58745019045375,0
150.24623577550722,6.227523227825443,26.84437367943199,24.657779066576555,1
60.59787148699756,4.040291108102517,30.174144482753235,13.56601591645057,0
45.4091489456463,3.229849411264308,32.71528403752249,9.56552714651291,0
35.41792888132138,3.1729225620651285,33.39041754114122,11.312317986325182,0
35.441296684735896,3.1494233234481386,34.43997429580462,10.941509724022232,0
119.8807866647222,6.440129650867475,27.383666700924163,19.498486243911053,1
70.35302347604848,3.907378646400276,29.808183284415886,16.556554847614578,0
85.09947910010028,5.420035994466806,29.969526341744867,15.853949391563306,1
34.591250696502854,3.3035267163531024,34.187526339124915,11.165150211952533,0
94.4454387220829,5.223007119997711,28.77338444789068,18.22582904671324,1
109.4333845138835,7.161868183432881,26.498352239856978,22.65780663808213,1
121.06734895165829,7.444247822489762,28.424440630437857,19.285618789609952,1
84.8829778360515,6.132793465060799,29.8639022112781,14.719402586150647,1
149.93733420095458,6.635462357403196,26.67787016209598,25.0264828377156,1
69.92025276827935,5.052343039573133,29.867192790156917,16.17121873090865,0
60.40798053457125,4.579585302308605,32.48651693908394,13.781053753011884,0
95.39744570402016,5.8875869198792135,29.392661428594707,18.207030734025114,1
85.04028421490348,6.24164584941306,29.640184756233115,15.096802210674188,1
44.54186251871541,3.387534527056183,32.98968639185504,10.660022205542836,0
149.73058132922228,8.12150263119729,27.57200385447089,24.891160363240047,1
94.59848158804195,6.949352673374448,29.176147910323113,17.54697782176439,1
120.12409044154626,6.913985825314555,28.375979054662558,19.808739169453247,1
149.9010405234018,7.068517050892407,27.445481209184845,25.103859070341283,1
70.1660082964608,4.28808938838217,29.451542696577185,15.71758964208333,0
29.61256508941506,2.3943821495500015,31.59009367245309,12.738648840472028,0
45.42737046728223,4.278254844816177,32.67954504792158,9.901316649024377,0
35.31043401033514,2.9735401833005617,33.32409260932784,11.353908878652703,0
30.10856737717733,3.1270644446215337,31.618450481306695,12.079883055244194,0
44.78951031435493,3.7183322269369734,33.94300389644487,9.47102014083469,0
120.48126077173725,6.156337691706154,27.969043113592825,19.075879100376607,1
30.8384856064867,2.9603164252663516,31.36321297784775,11.800036888331844,0
150.17412352394493,7.233650627770657,27.299682997544124,24.975326927076463,1
34.006192363242775,2.819609120820758,33.94536856719259,11.245962126839649,0
35.20907707786432,2.7839659475748944,33.75559186725168,11.183850511630089,0
85.37899110619556,5.533308099378416,29.650272939466692,15.062368870696487,1
60.11048536983815,4.995292556242806,31.737842684456208,14.219339543351644,0
60.269217537677605,3.5185139242853873,29.83417761725553,13.49433108698041,0
94.15050021064675,6.079125997150053,28.668349256661276,18.827569942141825,1
85.07323671478933,5.54987389118098,30.05865614182369,14.446127294744166,1
148.63877417845674,6.771837378056263,26.182828413398184,24.48042105453596,1
30.03843119595963,2.7949769592181126,32.49087745008292,11.801627867376022,0
150.3069237561198,6.3163197766393555,27.23961825481559,24.808480943811276,1
34.51274232824159,3.647545083338481,33.6226338919771,10.556149336671059,0
95.72032939297256,5.678372291222635,29.435213267119245,18.464738697022245,1
94.51656969584812,5.128344772906286,29.157162360097594,18.31673527900246,1
120.701669658924,5.326640512327845,27.157849293451633,20.558194385382983,1
109.62910094032883,6.374453501249578,26.638232260314297,21.38241863466019,1
119.37933593592395,6.637873264507912,28.371745575899638,19.965316166654237,1
70.52644950267361,4.455974927777996,30.324494888609028,15.804004893691861,0
61.15939708056328,4.965804864915757,30.958664925198978,13.33867865268798,0
149.03934295613342,6.813153870894554,26.709337581804178,24.110434947435238,1
110.11456398813723,6.2878301383806114,26.45804440833318,22.138411201565987,1
110.52620689670441,6.609262976628174,26.366780809053193,21.41079696563983,1
34.9826342702133,3.0504305148178124,33.924337139452284,11.38413921559545,0
70.04385782665855,4.482349456234352,29.66367465529457,16.138447608107253,0
45.59473796098943,3.2185535813979267,34.145355825268815,10.483820469602835,0
60.06854322214678,3.482924820572901,30.84729291688417,13.92071964410231,0
69.34220483692789,4.831663980989619,29.842857634817126,15.857725705343922,0
29.885978065538154,2.835432261204955,31.768788424226102,12.487500961257748,0
36.15095926493783,1.909120469964363,33.79970113937511,11.006668861808613,0
45.75112280475493,3.288590171510114,33.086625584962775,9.557214856029558,0
35.45415727610103,3.282952902240505,33.89495696367873,10.390052507905345,0
120.99792311779842,6.643527758120792,27.760135133637988,20.103838223868326,1
110.16717752752494,6.379536190710548,25.657195037124765,22.236618104738827,1
109.80146871985312,6.931392903618603,26.257090003782583,22.25449744453062,1
45.69612555179947,3.030938260464297,33.058335579577125,9.746248078926676,0
34.62524318593023,3.2390086202656385,34.88431237050252,10.817330651223312,0
29.921261397937194,4.064813241857633,31.368391629362623,12.61755732872325,0
44.83802247941196,3.158382949110264,32.915573961620645,9.577694870093701,0
60.462214130192336,4.101219182410813,30.992524898448085,15.073593813080098,0
119.36879089522868,6.321673275344269,29.272540698645464,19.775126603266518,1
150.2776143615048,7.937776008771544,27.15010065331983,24.663539863722782,1
60.30120822897086,3.6055249803749874,31.338949255453077,13.890379071541775,0
150.12934410573115,7.452948975359965,27.07338332679134,25.25425498537309,1
45.36952290734363,3.30060515782105,32.84567985687091,9.429373914825495,0
45.10324867243494,4.357248122732739,32.66988562786219,10.144022266462358,0
59.62404831622386,3.681935116781237,30.30340417507844,12.546130589780518,0
29.769801584196088,2.944543433538941,32.0425400246512,12.594345777673276,0
149.67016682996496,7.116208387060101,27.043702195410887,24.643801808857887,1
30.0332626282813,2.45817389965106,32.61826408034138,11.805454047516148,0
120.58828746525175,7.0276980866562315,27.87264053442647,20.248359223232924,1
85.32303826271111,5.22003822347629,29.70825005252515,15.983969372727618,1
85.2043762927549,6.033404202186221,30.913593729689826,14.033942309212502,1
150.79237625667028,7.537999945342773,27.397648838084237,25.50069602087443,1
60.51852054074809,4.283489609645132,31.600777444012436,14.148707187175376,0
94.99787152116649,5.982280016830219,29.174200457472303,17.909838727057263,1
84.70146462404583,5.400934169342202,29.82990904257809,14.939427494897515,1
60.45488158211244,4.9344827960645326,31.508890229225266,13.532898096031392,0
149.7575875132586,7.35140918053618,26.774250583449117,23.953990087187233,1
45.015731920149186,2.441440874565414,33.04339364709225,8.950092405096825,0
120.51072278658654,6.31891015796165,28.40672355542125,19.687312115869073,1
120.95412819932959,7.303577085268673,28.670699801121593,19.772508315507608,1
29.07743154258613,3.7017041913448696,32.31530716280528,12.636099806183374,0
35.258479668733244,2.6993788547178874,34.66803007821715,11.71484833985834,0
29.766181840173463,3.502422813281319,31.91079683927583,11.475763118932706,0
150.45656137598215,6.168842929441224,27.384495549201386,25.074082595445024,1
30.443219360255792,2.953380861768118,31.773998342637032,12.022263175398415,0
94.82533491668977,5.2759495425799585,28.62199649246816,17.809169669979653,1
45.264417100664296,4.51803291606252,33.09925848814356,10.197770818707141,0
150.4014172490936,6.632244810534536,27.10116189100446,25.25290317308628,1
119.61079708335149,6.268251615312775,28.50472054423262,19.707890867495504,1
149.6916681419867,6.764478637314576,26.860534161185008,25.129753996323913,1
110.50822084772473,6.698442772760295,25.303143574395065,22.604758399428633,1
60.182484030050524,5.549950101710594,30.981257631447107,13.889052713364173,0
110.19797531250941,7.54852773030388,26.024510273167866,21.80553039429398,1
60.3308071200363,3.8391154306647133,30.396675152985434,13.509019283041411,0
121.02538089416407,6.164334618074889,28.42410957938145,19.3917601975837,1
31.16694864845787,3.3045462630518423,32.141383969919126,12.196705012705259,0
45.36895361807363,3.3082351084848507,33.02761472803696,10.429550044016626,0
35.12700704622931,3.121446907955139,34.27504512252133,11.59672904439122,0
69.6110666305548,4.821706647234939,29.92288597390477,15.914653383863453,0
110.28922728350271,6.349248201603787,25.801464140710113,22.54578568674829,1
45.11143701907953,4.182483002718046,32.637699091620206,9.552437322051768,0
29.55620032615904,3.9975934052373265,32.70599218640431,11.90881004875376,0
110.32266085046894,5.492118157730675,24.911848870457053,21.92024718509631,1
35.57834332300203,3.51265936796723,34.30214024287613,10.728683468387354,0
149.56716867749876,6.5294126958150835,26.680630575830087,25.416865959470368,1
70.74855468237295,4.321498300493288,29.690985687305147,15.352955444660216,0
70.13456645293431,4.6532600788827665,30.04739348665145,15.329008939730526,0
151.16271267393964,6.969502249926814,26.466427432511086,26.06774959640887,1
59.278204630677244,4.720249673510983,30.233113294926877,13.915482546587272,0
150.05222760825922,6.762843571704758,27.241635755061584,25.09448372099481,1
84.57930241604458,5.572597039214957,30.01089041246091,14.858531790865976,1
85.53710751498274,6.294043843851268,29.3011751435265,15.19751440167548,1
30.66486512537444,3.2039452333924148,32.27321376644858,12.13783245874892,0
120.4544176654589,6.510686244365273,28.81952379900539,21.070233715900955,1
94.86966262554643,5.758139213532912,29.222292842226143,17.814538299950726,1
94.08662065024373,6.058074680316828,28.37384363994806,17.692006137415483,1
84.58573278321211,5.583595282504281,30.143022067396554,15.19506589510638,1
69.22491647067682,4.454629457735905,29.11132497689388,16.044847779920598,0
45.246599337546456,3.485915455015014,33.36829010618802,9.465706596653817,0
109.40602989136445,7.560830486158903,26.112424689022966,22.259592941175523,1
70.10733612280517,5.22611785541822,30.357990164090943,15.818607936870338,0
29.97853070810531,2.70363507099031,32.94193157785481,11.483491419263899,0
149.0745553881822,7.632215349607287,25.919163186206458,25.03046993930049,1
30.29558206317154,3.3473393624485914,32.21353049523332,11.849111975589219,0
120.48720241785635,6.324593523964741,28.473173699578094,19.523215148066665,1
59.7948662926796,4.167195938098827,31.047948215366333,14.904175061621688,0
34.347750212298855,3.52539638035662,34.442943275903176,11.003570749617536,0
30.029384789906626,3.412924542642234,31.370707930390008,11.279341320555657,0
120.33636068546,6.647706274192477,28.712875984583192,19.92473183920184,1
150.01090623726142,7.705403521648793,27.32506120870908,24.669864052165668,1
85.3158663919101,5.47956095026416,29.892696802275232,14.736403230002741,1
45.21400101858766,3.695998184487073,33.07829690371465,10.558607756098239,0
109.51883847710994,6.538650703500628,26.091781972084625,21.525631471425772,1
119.75007846034003,6.879218009369075,28.667492666840896,19.09252477043839,1
35.3134568984732,3.4169827468795715,34.34399719487768,11.749057045001281,0
95.04013774303475,6.6216041726281185,29.44726840982602,18.15186073796669,1
110.33988290201867,6.196113223703467,26.283188871336783,21.92065331675966,1
69.27214588509467,4.438540875386044,29.988101814673755,16.126780192195255,0
120.31598824488947,5.781082457837112,27.652665944248692,19.843110477621746,1
28.91658525868717,3.149187480979134,31.839045777574643,12.330228460550698,0
85.76289371203411,6.013136635390627,29.07255841771293,15.102420776828778,1
45.94280770397063,3.686591383383076,33.541617273361226,9.464832939163898,0
34.94535492915448,3.842949706494776,34.28702290134177,10.551466891066266,0
35.49241759640513,2.6277194178383727,34.75532886621873,10.577891940153846,0
110.25141441174058,5.47235071204514,25.977580611924452,22.129772584255583,1
150.06257432288882,7.155649403170144,27.566419293911608,24.08059617720574,1
34.901096934798105,3.1853006109832913,33.95502786589134,11.891973019571493,0
35.0274002036274,2.393645855668143,33.478682187948124,11.194839958659912,0
119.49451910229007,6.595736966710666,28.255724263528233,19.830599773519374,1
60.65024371451093,4.757601824542575,30.21361369522306,14.403806387586709,0
149.3296516073315,6.780774135258721,27.673081822006825,24.712320146124622,1
34.8878168973064,2.695861476656442,33.05713008191492,11.04454727334179,0
149.09115325092023,6.94071081511619,26.51967079736659,24.258656024331657,1
69.67588141292894,4.653344006018315,30.47574237074942,15.420484615479362,0
60.09740733372434,4.57750921516719,30.754678205709716,14.851241445269155,0
149.78554243748897,7.025290105965258,27.796661834348242,24.310146123325723,1
70.07388644202577,4.308247484098001,29.80356472951398,16.534255717728016,0
30.13134726956206,2.9208361034486026,32.325994423111844,12.441841417767488,0
95.67871844204385,5.343958035835354,29.460359000630344,18.048550268193846,1
95.65682124403416,5.536009069324227,29.141708893918135,17.962080006406232,1
70.50605935902381,4.852411241509671,29.807983045075638,14.673426387519578,0
149.32410104871866,5.917102584242842,26.14812725236121,25.588473835430264,1
95.68496103159696,5.835940079120718,28.611967531718825,17.37680816623932,1
34.88974397416228,2.6545689248270157,33.98823253700645,10.859706999807253,0
149.57318736967233,6.72292614363273,26.78120058573754,24.50657099146108,1
95.3120664191932,6.602976466507818,28.83615884108918,18.28620844527364,1
60.102485319433804,4.693040356759013,30.9912176496952,13.661456488861537,0
59.66871116839648,4.231733582269282,31.208850115285234,15.620726743972885,0
69.82358869146299,4.807101291112175,30.585964354607356,16.371756923365858,0
149.41828699531658,6.685134016998035,27.81647377168919,24.471646512915854,1
85.02213858435329,5.825377205262753,30.36836138843827,14.583716493002399,1
44.546560326398414,3.456690293017688,32.74771735835695,9.866217167804336,0
84.69051970846184,6.256760511767105,29.911261874277677,16.159381768716834,1
70.64583064508288,4.243035106206478,29.94005896771174,16.36494266355262,0
84.79313520634926,5.530752735844757,30.491516555902386,15.203555635976786,1
30.20309621681907,3.0023250556313408,31.786505910219574,11.71595157964201,0
119.85630093280977,6.881591347803736,28.32901822465007,20.161568248239572,1
120.24257837961606,6.192449601929019,27.98097204265417,20.537948188920197,1
85.74548288544213,5.9690692519771025,30.08397169139001,15.622717609552465,1
149.66248211647306,7.2542902838031065,26.724214517986884,24.77120871273155,1
60.153975239296244,3.581522448263973,32.35750587519795,13.257254897488584,0
95.1355013456042,5.381541032378881,28.85283114217657,18.07208364851372,1
45.163446636474376,4.220407250328306,32.707309710066106,9.255877203252592,0
110.12604326871543,5.926152956321278,26.532898018497896,22.36312254823691,1
95.39667230867951,5.899440592771869,29.22637226853927,18.55360563344705,1
34.77434353319885,2.8811494653681815,33.23092333748903,9.62301338849357,0
94.42910175411905,7.008405249122041,28.76158820649432,18.539815886173393,1
84.6953086114475,6.15781409960403,29.65387867487011,15.031999091925938,1
69.53895324594698,4.384899281828801,29.656079642294664,15.81847136086121,0
29.194849838856616,2.4117581615189403,31.512546555980784,11.205116782464808,0
119.92724087341433,6.089841647070641,27.689329476012965,20.0575905629401,1
83.759028523621,5.561841489177056,30.21836343748539,15.310333228509812,1
110.40188520646748,7.6094089421911955,25.72311959401591,21.530491104575656,1
70.59866256798033,5.121901184324253,29.126442532044685,16.113422256443776,0
109.80624746794206,6.735017670915524,26.13651251819183,21.853697844116244,1
84.34144672102707,5.255023703788908,30.811161948427664,14.832874579223862,1
95.81217654263837,6.56992707621426,29.070366988290637,18.173414247276447,1
59.66236347716756,3.4465847762429065,30.820033873914245,14.148816675462697,0
120.65527237547148,6.024467499107859,28.047191460818063,19.951963723411644,1
149.4072223018126,6.772598509294891,26.141580768976503,25.36424742110874,1
29.080042204013495,3.0937486797372173,31.880857627950327,12.801392403213326,0
35.792216590646994,2.368049974673484,34.68007922467645,10.711494739734,0
94.60855433524704,6.289427588098868,29.753586006402664,18.349568864405228,1
95.30942496082038,5.674339619000819,29.27778869435114,18.90208802602852,1
84.83191842684931,5.364140231591947,31.083886201632485,14.024887235461154,1
149.86155519147434,7.604883418631095,27.9304855951745,24.99000499766973,1
35.43146422058772,3.4544088957491565,33.685593062533314,10.987929500321501,0
95.87993207616474,5.231234980212045,28.165335188412154,17.968154040871166,1
69.50179870099926,4.880477944429993,28.97719951389808,15.686207100158969,0
30.209111671989493,3.4551362377733765,31.456445877844093,11.859032309558167,0
95.60603169385794,5.444797507753034,28.223378296962935,18.33335042753106,1
109.24940176352621,6.851686384908163,25.568952334175638,21.01256360164224,1
95.22336039105139,7.151535998891766,29.83698745731703,18.049904234008388,1
95.06211315139883,6.358417181383973,29.745773844864036,17.891745180460166,1
84.54905093817571,5.906429933821374,29.39199266920395,14.560360834266563,1
110.32815081027786,6.8747440887613624,25.99012513276186,22.315693487049916,1
30.982756331720797,2.436210072028952,31.650117936961937,12.021514834392551,0
86.17303315048422,6.6400813908618,30.016753583206768,15.08463359093028,1
150.29600112719106,6.485640197282821,26.77779126655312,24.43382966846433,1
59.55793174976583,4.658940545698427,30.66775866631226,14.291409014554166,0
29.354169549034314,3.504743740349246,32.01773705713811,11.846731690917501,0
95.48196872944374,5.590568113115656,28.75900494949483,17.354625084562763,1
59.80138275443315,4.48200284039011,30.568645248186254,13.745279946123508,0
109.24228264407364,6.965667594209698,26.47510418869109,21.75218838022647,1
44.56309724499949,3.572899162193923,32.241355206527835,9.835527758186691,0
95.17156497674452,5.8565246493614715,28.69537152370016,18.065926760687265,1
59.510241742863855,5.0518621267771255,29.54134344751238,14.137151200396461,0
95.06067764627994,6.977106776343533,28.8018211279635,18.10185329582663,1
34.60234342255339,2.1610984963162574,34.38788995821467,11.222281126875863,0
70.14609045384056,5.327035495385974,29.889238248337985,15.766524692326636,0
29.686489909450685,2.88526095696446,31.825324856867244,11.92075898562124,0
29.961962296148517,2.7032186883457054,33.45338552048466,11.9920403498119,0
35.57733235963292,2.9326032929885333,34.13033642340731,10.590781441676516,0
84.34367548992256,6.512634728586033,30.55109747049105,15.102168048411283,1
29.27011449314752,3.4243678683691905,32.00572607395702,12.332080589431342,0
45.39512379944585,4.245022260709741,32.056970405610826,10.223930964558594,0
29.753327846409796,2.4899750881753158,31.744426512908777,11.996100915119245,0
59.90247243899015,3.74635040938791,30.585616009315032,13.7552169972284,0
69.02723536097217,4.19667210730991,30.367741443346357,15.261514502422571,0
120.1234278012966,6.943475507533192,27.887323007451158,20.071545016720105,1
29.77586661787334,3.130308267283398,32.236653163111676,12.610875347085859,0
94.74001573182662,5.737510073954523,28.97871242005805,18.58478508563963,1
94.87243905664862,5.67084447211369,29.50967630132278,18.02200821801706,1
30.254753038635535,3.5394625945459532,32.137468340137005,12.046333486669429,0
44.54113333039271,3.5067869402279315,33.25022126761764,9.85793208688018,0
45.093143388280154,4.121615642886753,32.470913161375655,9.907884232602008,0
59.16925358351708,3.304459783426621,30.702749587332242,14.268313827844338,0
85.1460209119029,5.26877064481826,30.828573376289796,15.177679919476105,1
94.83035358580561,5.976040792913723,29.540031223352987,17.568069544590877,1
110.39964665684316,6.555744233930093,25.301046142761006,21.28362732041831,1
35.230742147316796,3.0516196752017146,34.19985043087631,11.557877905756103,0
85.19218155710456,6.318532556795503,30.13693613545104,15.697122681648562,1
95.67923014453831,6.119003988341729,29.32973509096609,18.578380257032826,1
150.21568257715097,7.485450597315243,27.38646951499538,25.08349582794502,1
94.9152878174509,6.0739727791484155,28.962642232487486,17.92572058651065,1
149.80378982251725,7.169591942169504,26.710431749758513,25.814339661719128,1
30.624772287142747,3.980460866454797,31.854557927913664,11.732622863218758,0
60.08886654397768,4.193252437259659,30.319998978745193,14.285502525297229,0
45.70712004149503,3.4814731950261426,33.39452324313326,10.519227822382085,0
84.8641591120171,5.048089845569193,29.08902031799764,15.015360197283682,1
44.70579700224668,3.7775275840098463,32.99580482319288,9.362949504442303,0
69.15786685434804,4.281331186291932,29.252333918535204,15.505133349150865,0
34.461701960141774,2.831820216223487,34.112411853305744,11.035414603687542,0
44.28494707916902,3.9648952461037315,33.05216262619792,9.824163174022624,0
149.94114155165767,6.664848127739908,27.436494599721833,25.091723976663207,1
35.283746773965255,3.001586184871214,34.747974798073464,11.021526739874277,0
70.5737071258812,5.3562074483615385,29.451476399714267,16.474177137975637,0
95.14115751973186,6.698018091724704,29.293580482309125,18.379081011506514,1
95.17061791828786,5.983626026697579,29.448697062120143,18.159298899028062,1
29.436608091957876,3.070343417705621,32.27954184652408,12.281657121917508,0
149.72844527467657,7.3359209632594915,26.64592772149408,24.891143193259943,1
35.27533689490427,3.2522461301949073,33.723831064176274,12.047997564360484,0
149.8911953256689,6.530607217065841,26.872539308507584,24.9932897546993,1
45.079523252220646,4.3921950374643846,32.55427698136506,10.431622413610167,0
44.81391223223044,4.026848446352622,32.682775189787925,10.662231536792639,0
109.15821167858579,7.1589173175787435,25.430992100209675,21.841561093181284,1
29.99289640973268,3.0716086515618395,32.10163107241013,12.049076097667506,0
35.0601220829262,2.88021467450694,33.33981525297466,11.413971818784107,0
45.246687434857904,4.347012028890463,34.08687037067561,9.76117850152962,0
110.16323663539512,7.001713574331747,25.592028962146937,21.716054690362398,1
119.4252168591766,6.439107644800514,28.536330538650866,19.368058306502167,1
45.72640133473395,3.9962120641166594,32.63968812194155,10.268797770693645,0
110.12895136241394,6.544879182324957,26.49396997625797,22.15923771198836,1
120.75149341662768,6.050241323044697,28.043204346211294,19.594409037821045,1
119.77876727339937,6.709719319327044,27.546836070631276,19.756404567184358,1
29.62802847835655,2.164643786226389,32.04926114483485,12.10153635439094,0
84.42364408225612,6.259928447363565,29.87723270877041,15.162728796867633,1
149.76934770602827,7.385685514089854,27.15766059405994,25.17385341296373,1
44.491761574322304,3.8349521119920187,33.62161654582028,10.263894721038955,0
120.05416381170248,6.430161753076489,28.372690480739326,21.52839237356617,1
34.79462067437354,2.298209278020747,34.18456240936466,10.443586136106909,0
70.0629108600239,4.065603949067186,29.014088383404566,16.619307784947296,0
120.05324966622506,7.0524594447413,27.320322344545314,20.217030762630316,1
109.97136097353186,6.584765087229826,25.363165050863813,22.3950779131588,1
69.42966798250467,4.285760608679782,30.184864087016575,16.68183632382993,0
110.19293557617077,6.25868702881252,24.97797718666345,21.35125238179472,1
109.6404324188125,6.407048130678297,25.805420732649353,21.39197903213644,1
110.63226320957084,6.728441218662948,26.83730530450762,22.162428042943105,1
69.86771127221509,4.166405216509483,30.571371352588756,15.755492414418367,0
84.53539111126436,5.771119109317656,30.20753633745484,15.428710406891927,1
85.30023046220077,6.391867893930655,29.859737173725655,14.328247395158252,1
149.85055104730478,6.940324589115566,26.501440067721663,25.477625619224973,1
30.144721926614718,3.553758462337814,32.02241633970567,12.131567027874436,0
35.06194963109754,3.505517065251285,33.71136030472261,11.68849312887849,0
120.12953764109255,7.406894967563186,28.12623788029937,20.490263100369592,1
